{
    "accuracy": 0.9903064415259537,
    "f1_weighted": 0.9903305624910499,
    "precision_weighted": 0.9904442308922092,
    "recall_weighted": 0.9903064415259537
}