{
    "accuracy": 0.2601626016260163,
    "f1_weighted": 0.15177589688750198,
    "precision_weighted": 0.19583357493603998,
    "recall_weighted": 0.2601626016260163
}