{
    "accuracy": 0.18167604752970606,
    "f1_weighted": 0.0929672609258542,
    "precision_weighted": 0.1303118691742366,
    "recall_weighted": 0.18167604752970606
}